,prompt
415,"SUBREDDIT: r/relationship_advice
TITLE: My [M20] girlfriend [F17] of 3 months wants to end things. Never brought up issues before.
POST: So this girl I have liked for a long time and I started dating 3 months ago. We were good friends before that and I suppose you could say that we had chemistry. We only see each other once a week due to school, but things seemed good at the beginning. After a while, it started to become awkward. The last few times we've hung out it has been difficult to keep a conversation going and when we do talk it feels forced (keep in mind that we had no trouble at all with this as friends and during the beginning of our relationship). For me, I believe this is because I have been locking my self in more and more as our relationship progressed, due to some insecurities I've had in the past and being self conscious about them. 

Neither of us brought this up until she told me the other day that she thinks we should take a break. She expressed how it feels like the chemistry is gone, and when their is no emotional or physical aspect to our relationship (I'm pretty flexible with the physical side of things, but it's never been a priority for me since I figured when the time is right that will come naturally) that there isn't really anything there. The problem I have is that instead of bringing up the issue and trying to work on those issues together, she just want to immediately take a break. I understand that there are issues, and that since neither of us has brought them up until now that we are really lacking in our communication. I realize that we need to be more open with each other to get that chemistry back, I just feel as though it's something that we should work on rather than immediately moving on with.
TL;DR: "
440,"SUBREDDIT: r/AskReddit
TITLE: Reddit, how do I stop dumb teens from doing lousy things to my driveway/house?
POST: Anyway, there are these teenagers who live down the block.  These teens used to be ""friends"" with my brother until early this summer. 

One night, these kids wrecked all the flowers in my backyard. Thus, my brother (14) confronted and stopped hanging out with these kids. 

Since then, they've been annoying the family.  They've been pouring salt to the back of our cars (as-salt-ing? ..no?), playing ding dong ditch, and leaving trash around the yard.  I'm almost positive that the same kids who used to hang with my brother are the offenders.  When they come over and ask for my brother and my brother refuses to see them, the next day I see stupid crap like this in the yard.
I know the things they do are insignificant, but it really does get annoying after their sad attempts. 

What can I do to make them stop these shenanigans?

Here's the catch; I don't want to confront their parents, mainly because they're okay with their children's behavior.
TL;DR: "
466,"SUBREDDIT: r/relationships
TITLE: My siblings (36F|39M) won't let me (28F) pay them back for things.
POST: We recently went on a family vacation, and we (me and my siblings) agreed to foot the bill for our parents, but split equally among us three.

However, my siblings both seemingly don't want the full amount from me. They say things like, ""Oh, forget about it"", or ""You can just pay for ______ while I pay for ______."" If we were to do it this way, our individual contributions would be roughly proportional to our household incomes.

Yet I feel uneasy about this. On the one hand, I do make the least money and it's kind of great to not have to pay as much (I'm pretty frugal and wouldn't have chosen the more expensive accommodation options).

On the other hand, I feel like my siblings' spouses don't particularly like me, or even see me as a mooch. I've always been the baby of the family due to being significantly younger. I also feel like I haven't balanced my debts, like I will still owe them something, or that my brother-in-law or sister-in-law will grumble, ""Why are you still paying for OP's portion for ________""?

They sometimes pick up other small things, like lunches and dinners, that I have done with less frequency, because we have family things at their houses most of the time.

If I try to insist to pay them, they get kind of angry. What should I do? What's fair?
TL;DR: "
571,"SUBREDDIT: r/dogs
TITLE: [Help] Older dog has peripheral vestibular disease.
POST: In October of last year my older dog, about age 15, had an episode where he lost most of his balance control. He kept falling over and couldn't keep food or water down. We took him into the vet and they diagnosed him with peripheral vestibular disease, also called old dog syndrome. They gave him some some meds for nausea, basically Dramamine, and told us that he most likely would never bounce back to his old self.

I have continued giving him Dramamine since then to help with his balance and coordination. He has lost 10 pounds since October due to him not wanting to eat as much. Some days he tries to play but usually ends up falling over some due to his coordination issues. He also has went deaf and has trouble seeing. I've felt up until recently that he has mostly good days, and some bad days.

A couple weeks ago, I took him back to the vet for a checkup and the vet did some blood work. He is pretty healthy as far as blood work is concerned and no spots on his x-rays. The vet prescribed him steroids, which I don't think have helped at all. At this point I'm just starting to feel like he isn't happy. He sleeps most of the time and barely eats, except for his treats.

With all this, I just keep wondering if I'm doing the right thing keeping him around not knowing if he is in pain. I know he isn't going to get better and it's just down hill from here. I also feel like I'm giving up on him if I put him to sleep at this stage. I know if he gets to the point that he can't get up, stops eating completely, or worse, that it's time. This gray area that he is in now is so frustrating and stressful. Any advice? Thanks.
TL;DR: "
627,"SUBREDDIT: r/relationship_advice
TITLE: I [20M] don't know what to do when my girlfriend [20F] asks me to stay every night
POST: My girlfriend recently has acquired an RA job at a small school. She works closely with her small group of residents, because her entire floor is made up of about 30 ""diversity"" students that needed a new start. They have been having a lot of drama and major issues these first few weeks of school. I live about 20 minutes from my girlfriend. I work about an hour away from our homes, and I get off at midnight. I get home around 1, change, then call my girlfriend to say goodnight. About 5 out of the 7 last nights, she calls me back around 2:30, saying she's sorry because she was with a resident handling a situation. She then asks me to come over to her apartment because ""she's been listening to people all day and she NEEDS me there"". When I say I'm tired and in bed she starts crying. I don't know what to do. Today I got home from work at 1am, and she asked me to come over. I said I was tired and sore (I'll have to bike over to her apartment because I can't park there over night). She then starts crying how she doesn't have anybody and how she needs me there and how if I really cared, I would've been there today. I told her that besides class and work, I had ~10 minutes of free time today. She promptly tells me ""if you cared you would've seen me during that 10 minutes"". I feel like an asshole because I really want to help and I love her more than anything, but I feel like these students are affecting her life more than they should, and are in turn affecting my life and sleeping schedule. Every time I bring up the fact that I need sleep, she will say ""you think I don't need sleep? I've slept less than you for the past month"". I don't know how to respond to that. I didn't make her choose the RA job..

Please help
TL;DR: "
1229,"SUBREDDIT: r/relationship_advice
TITLE: Me [23 M] with my GF [21 F] of 3 years, how can I deal with my feelings of wanting her to dress differently?
POST: All women dress how they want. They shouldn't feel societies pressures to conform and any man should appreciate it. They are individuals and should be allowed to wear functional comfortable clothes.

That's what I know. That's what my mind gets focused on. And then, I get hung up with my girlfriend's choice of no makeup/not nice clothes.
I really struggle with thoughts of wishing my girlfriend wore different things. I really enjoy things like eyeshadow and mascara, and I really enjoy things like skirts and leggings and high heels. But that's not who my girlfriend is, and never will be. She likes dressing in loose clothing, and I should be fine with that.

It is just SO HARD to handle that fact that rationally I know I want her to wear what SHE wants, but at the same time, I want her to wear seductive impractical clothes for me.

I've talked to her about it. She doesn't see why I'd want her to wear those clothes at risk of attracting people other than me. For instance, for halloween, why would she want to wear a slutty costume ""to get all the attention in the room"". I asked if she would wear those things for just me, for when we go on dates or at home together, and she said ""maybe someday [like after we are married]""... If we get married. I always get to our dates and feel a little disappointed that she just wears the most casual clothes appropriate for the occasion.

Am I right to be hung up on this? Is this who I am, and I will always be vaguely and inexplicably unsatisfied? Or should I just try to ignore these thoughts and enjoy my independent, confident, intelligent, and beautiful girlfriend?
TL;DR: "
1354,"SUBREDDIT: r/relationships
TITLE: Me [22 F] with my Ex-Boyfriend [22 M] of 8 years, Ended relationship, I'm deeply falling into Depression. How do I pull myself out?
POST: We met when we were around 14 and kind of grew up together into young adults. 
Anyway I don't really want to go into detail because it's pretty difficult for me to talk about. 
He was my first love and the only person I have ever been in true love with in my life, and always will be.  
I'm falling into depression (have been for a while now) and I don't really know how to pull myself out. I'm afraid I will end up seeking for guys to replace him with, even though it will never feel the same as you can never really find true love if you look for it. 
I am starting to lack motivation to achieve my goals, or focus on anything other than this failure of a relationship for that matter.. I find myself eating more as comfort cause I don't really know how else to fill the void that's been built up inside? I find that I know have major trust issues/insecurities over guys due to cheating in the past and after seeing how my parent's relationship was a failure. I'm just very terrified of relationships and hurt by them. It has shattered my confidence as a girl. 
Is there anyone who has gone through something as long and meaningful to you, how does one comfort oneself and learn to carry on when there is so much heartache and pain?
TL;DR: "
1361,"SUBREDDIT: r/relationships
TITLE: I'm torn here and I just want some input on what you guys and girls would suggest I do
POST: I am a senior guy (17) and I asked a junior girl (16) to prom last week and she said yes very enthusiastically.  At first it was as friends but then it kinda snowballed from there.  She got out of a three year relationship three months ago and she made it very clear that she didn't want a relationship right now.  Her exact words were ""hey I just want to make sure you know that I'm going to prom with you as friends..? Ben broke up with me about three months ago and we dated for three years and I'm not ready for anything"". Prom is in a month and I graduate shortly after.  I mean I really like this girl and I kind of have nothing to lose but on the other hand I want a clean slate for college.  What would you guys and girls suggest?  If you think i should go for it how would you suggest I win her over? Sorry I wrote a novel.  Let me know if you need clarification or any more info
TL;DR: "
1385,"SUBREDDIT: r/AskReddit
TITLE: I recently applied for an apartment in NYC and was charged $100 for a credit check that was seemingly never performed. Can I contest the application fee? Any real estate lawyers out there that can help me?
POST: I recently applied for an apartment for which the application fee ($100/person) covered a credit check and processing paperwork.
Me and my roommate both have guarantors and since they are considered applicants as well the total application fee we paid was $400. We were kept waiting to hear back if we were approved for a week. When we contacted the management office they continued to tell us everything was in order and our application looked great. Eventually after a week we were told that the unit had been taken and basically given to a ""stronger applicant"". When asked if our application was denied/rejected the broker said no and that the application fee can be put towards another unit but cannot be refunded as a credit check had been performed and our paperwork had be ""processed"" towards the afore mentioned unit. I am currently enrolled for credit monitoring services with both my bank (which monitors all three major credit bureaus) and Equifax. I noted that an inquiry was NOT made in the entire month of June on their behalf.

Me and my roommate went on to apply for another apartment for which we received approval within an hour after turning in our guarantors and our paperwork and a notice of credit inquiry a day after the application was submitted. However, in the process of turning in paperwork for this subsequent apartment we were asked to submit a CPA letter and letter of employment which the initial broker/management company DID NOT request and supposedly ""processed"" our application without. 

Last but not least the second broker we worked with offered us a New York state broker disclosure form - ( That he said was required of brokers to clarify that they were working for the tenants/renters and not the building management/owner. This was never offered by the initial Broker.
TL;DR: "
1463,"SUBREDDIT: r/college
TITLE: Thinking about switching majors... again.
POST: Hi guys and girls, I'm looking for some advice. When I was a freshman, I started college as a Biology major. I didn't have a plan but it sounded like a good place to start. After having to withdraw from my math class and then barely passing the second time around, plus barely getting C's in my core classes,  I decided to switch to English. It was an obvious choice because of all the extra English classes I was taking an acing. I do know the risks and challenges of switching to such a limiting major. I'm now a junior and have been looking at graduate schools for Library Science for a year now. However, the more I think about it, the more I wish I would have switched to Psychology. I've been thinking about having a Psychology minor but I love it so much that it's starting to bother me that I'll be only minoring in it. I really enjoy it, I'm good at it, and there are many more employment opportunities that actually utilize the major. I'm not looking for criticism for my decisions. I'm looking for useful advice, anecdotal evidence that I should or shouldn't switch again, and maybe a little reassurance that I'm not the only one feeling this way. I'll be talking to my adviser later this week and then doing some academic counseling. Thanks for reading.
TL;DR: "
1697,"SUBREDDIT: r/relationships
TITLE: [Breakups] How do I (16M) get over her (18F)?
POST: So my ex and I were together for 19 months before we broke up and she cheated on me for like 3 months. This was an online relationship, but we loved each other and we were both inexperienced with love and relationships. After we broke up, I still had feelings, still do to this day, no matter what she has done to me, I still fucking love her. We are still really good friends and we want it to stay this way since we love talking to each other, we aren't gonna get back together, I tried, but she gives friendly hints and isn't a loving girl, but a caring friend. I just wanted to know how I can get over my feelings for her while maintaining the contact I keep with her, talking to her all the time. I know I will need to find someone else that loves me to fully get over her but I just want to know how to minimize my feelings for her and look at her as a caring friend instead of someone that loves me...
TL;DR: "
1714,"SUBREDDIT: r/relationships
TITLE: My Girlfriend's (f18) Officially a Model Now, and I'm (m18) Uncomfortable With It
POST: Hello Reddit people! This is my first post ever, so I don't know if I'm formatting this correctly or anything, so please bear with me. :P

Now that we have that out of the way...

So, my girlfriend and I have been together for a little over 8 months, and she just got a modeling job for a magazine or store or something. And this girl is absolutely beautiful, 10/10 babe with large breasts and the most amazing curves I've ever seen on a girl. Just a couple of hours ago, she messaged me about how she was going to be modelling for them regularly, including swimsuits during the July photoshoots.

Now, I really, REALLY don't want to be a possessive or greedy boyfriend, but this just, well, makes me uncomfortable. Hundreds if not thousands of people are going to see my girlfriend in barely any clothing, and I know for a fact that the male models are a dozen times as attractive as I'll ever be. Plus, well, we all know there's those people who take these magazines home, and... do stuff.

So, how should I deal with this? Should I tell her up front that I'm not comfortable with it? She's really flirty, and I have no idea what the culture is in the modelling industry, so I don't know if she'll end up leaving me for some hotter guy than me (I'm not exactly an Adonis), or that her body's basically being exposed to the world. That kind of bothers me because guys (or girls) don't exactly go into a relationship with the understanding that nationwide people are going to see your girl (or boy)friend's nearly naked body on a regular basis. But on the other hand, I don't want to be controlling, and I want her to be happy, so maybe I should just forget about the whole thing. Am I overreacting?
TL;DR: "
1743,"SUBREDDIT: r/relationships
TITLE: Girlfriend [20 F] has a friend [19 M] staying over at her house, and this friend tried sleeping with her before.
POST: Me (21 M) and my girlfriend (20 F) have been dating for 3 months now, and she was a virgin until I met her. Things were going great between us.  

One of her friends (20 F) from Montreal is staying over at her place for the holidays, which I am cool with, until my girlfriend said that her brother (19 M) was coming too.  

Now here is where the story gets interesting. About a year and a half ago, that brother tried to sleep with my girlfriend (single at the time) when they were drunk one time, but my girlfriend refused. I asked her if she is cool with him staying over, and she said ""yeah, we are basically cousins. Our parents were friends before we were born and we've known each other for as long as I can remember.""  

My girlfriend told me about this incident a week after this brother was staying over at her house, and she was even thinking of not ever telling me this story. That worried me a lot. I felt that she should have told me about this incident right away, and I think that this brother still has feelings for my girlfriend. Like she said they are basically cousins, so why would he even try to sleep with her in the first place. That also bugged me.  

So I got really upset when she told me this story and I am very worried that she will cheat on me, or that he will try something again. They are sleeping in the same house for 2 weeks for fucks sake. Even though she says nothing will happen, I can never be too sure. I trust my girlfriend, but I dont trust that brother.  

So guys, I dont know what to do. I dont even know if I should be doing anything. I am really worried and I have this weird bad feeling in my stomach now and I know its because of this.  

Any advice or anything to say to me would be very helpful. Thanks
TL;DR: "
1783,"SUBREDDIT: r/AskReddit
TITLE: Please advice, and more of it!
POST: Ive spent a couple years in college since graduating high school, but I haven't accomplished anything. I had always wanted to take a year off, but was too afraid to.  

This last semester I had a little meltdown and dropped out mid way through. I've known the whole time what I want to major in, and am now transferring to a university (was a community college) to pursue a BS in applied physics, but I never applied myself while at the community college and after 6 full term semesters have roughly 40 credits and a hair short of a gpa of 2.0

Now my parents who had been paying for my community college tuition want to actually see my grades, but they're terrible and they don't know about me dropping mid term this last semester, I feel like lying and forging my transcript so it's not as bad ( they know I've done poorly and am depressed about it) but I feel like being irresponsible is what got me into a depressed funk... I'm afraid of the ensuing fallout when they find out though, they had been pushing for me to take time off and are against (not unsupportive ) me continuing to try...
TL;DR: "
1852,"SUBREDDIT: r/relationships
TITLE: She's (F21) my (M23) ex but one of my closest friends. How do I deal with this?
POST: My ex (F21) and I (M24) dated for a little over a year before she decided to call it quits. She cited feeling unappreciated and I didn't fight it, basically because I assumed she had already moved on, and didn't want to beg. One week later, she called back and said she thinks she made a mistake and wanted to try again. That only lasted a week. This was understandable, however, cause we tried to pick up where we left off and didn't address any of the underlying issues. And so, nothing much changed and it was painfully obvious that the first breakup had left somewhat of a rift between us. For me, the fact that she had made the choice to break up before communicating with me her concerns, made me think why wouldn't she do this again? Whether it's later on when we're dating or if we happened to get married? For her, the fact that I didn't fight for the relationship bothered her and made her question if I even wanted to be together. 

2 months later, she contacts me saying she realizes she's made a mistake. I'm not over her. However, I would be a fool to go back to her. The trust is  no longer there and I don't think she would be able to handle the fact that most of my friends now disapprove of her after all that has happened.

I still like her, but I think I'm doing the mature thing by not going back to her. We broke up on good terms, but obviously we both need time away from each other. Having a hard time dealing with the fact I might not talk to her for a while though. It makes me sad because I feel as though I've lost a very close friend. Any advice for how to deal with losing a girlfriend who's also a very close friend? (we were not friends before getting together).
TL;DR: "
1903,"SUBREDDIT: r/relationships
TITLE: Me [27f] don't know how to respond to my ? [32m] blowing hot and cold.
POST: What is going on this guys head?

Me and potential bf are currently long distance, but we have met in RL before but we were just friends back then. We have been in contact every single day through text, calls and Facebook. He always sends me a good morning message as well as wishing me good night too. We talk about everyday life stuff, personal stuff and for the last month there's been lots of flirting and the occasional sexting session.

I have asked him what 'we' are and he has said that he really likes me and can see this going somewhere and he wants to meet up again when he comes to live near me in a few months.

He told me he has difficulty trusting a woman when she shows interest in him because he had a long term emotionally abusive relationship a few years ago where she basically faked the whole thing to get his money and destroyed him emotionally in the process. I told him, I understand and I am happy to let him take the lead so it's at a comfortable pace.

But he blows hot and cold all the time and it's so frustrating.  He'll act like a boyfriend one minute and get very platonic. He'll text me all day and phone me then I'll barely hear from him at all apart from maybe a checking in text. He'll open up to me about something and then completely close off for a few days.

When he lets go and acts himself and not so 'in his head', he is an amazing guy and it's that that makes me wan to pursue something with him.

My question is, how do I respond to this? I've just been remaining consistent and not chasing when he pulls away, but being happy to speak to him when he returns. It just makes me confused as to whether he actually is serious about this turning into something and he's just 'rubber banding' or if he is just playing with me.
TL;DR: "
1928,"SUBREDDIT: r/relationships
TITLE: I can't let go of someone I can't be with,it's driving me insane.
POST: So,I (20F) met him (25M) few weeks ago while he was visting my hometown. We met in a club,danced a bit and then left and spent the rest of the night talking to each other until dawn. He gave me his phone number and his e-mail address and told me to contact him if I want so I did.

I texted him a day after that and he asked me if I was willing to show him around town and help him find presents for his family. We spent the entire day together walking around the city and later that same day, we met again to go out and have fun. This was our last night together because he had to leave back to France next morning...after he left we talked to each other every day via email in which he wrote that he misses me and how he wants to be here.

The thing is that we get along very well and are very comfortable with each other. We were together for 3 days and had a lot of fun and gotten to know each other as much as you can get to know someone in 3 days...I miss him a lot,I met many people after he went back but no one seems to be interesting and I'm not attracted to anyone else at all. I know it's a long shot and that I shouldn't waste my time on something that it's not going to happen but I really can't get him out of my mind. I really do understand that it was just some kind of summer thing but we connected very fast and now I can't stop thinking about it. If someone has a similar story please share and tell me what happened and how did you take it?
TL;DR: "
1993,"SUBREDDIT: r/relationships
TITLE: Me [20 M] with my GF [23 F] of 1.5 years, I'm trying to change but my GF is on her last straw with me.
POST: So I've been seeing this girl ever since i was 18 and she was 22, she's is perfect in every single way imaginable shes smart, shes good looking, good with family,etc etc. 

This is the first relationship I've ever been in and to be honest i didn't know what the hell i was doing. In short I would do stupid shit like bring up stuff from our past (when she was distrustful to me, she is very trustful now) and it would end up like making us both sad (ya i know im an idiot).

More about me and her, I live with my parents and I'm still in 3rd year of University and she has already graduated and lives by herself and has a stable job (which stresses her out all the time). 

As of last week, she came out and said that it might be better for us to breakup and I begged and pleaded that she give me another chance to see that I can change (which she did). 

That conversation was a serious wake up call I've been changing my attitude and I'm becoming overall a nicer person (I believe). We had a intense conversation yesterday where she aired her fears and concerns, she mentioned that it's to big of her to ask me to change my personality  for her , and shes afraid I would hurt her by reverting to my old ways (emotionally, I've never physically hurt her ever). For the record, I would go through this change regardless if I was with her or not for the better of me.

What can I do to save this relationship with this girl that I love so much, and when I say I'm changing I'm really changing and I've told her that. 

A couple months before I met her I lost 40 pounds in two months with exercise and healthy eating and I've stuck to it I have more determination than anyone, when I make a goal I always put 100% of my effort to reaching it.
TL;DR: "
2270,"SUBREDDIT: r/Pets
TITLE: Any experience with Feliway?
POST: My poor cat (~1yr old calico) has problems peeing--it might be crystals.  I'm currently working with a vet and changing her diet etc.    One thing that was suggested was Feliway.   

The Vet said that she might not be getting enough water.  This cat drinks more water than any cat I've ever seen, and I was giving her wet food twice a day as well.  Before she was having problems urinating she'd PEE SO MUCH!  Like massive clumps of urine that she'd play with if I didn't scoop them straight away (my kitten is a dirtball).    I'm wondering if maybe she misses me and is drinking less when I'm not around and I'm not really noticing it.  If this is the case I want to try Feliway.  (My mom, a vet tech recommends it as well).  

For my cat's first 7 months with me (she followed me home off the street) I was working from home, this month, I started working a ""real"" job and am away for 9 hours.  I do make an effort to play with her a bit when I get home, but she's such a cuddle bug that we wind up just cuddling and watching TV.   

It's hard to tell if she is stressed with me leaving, because she is SUCH A CHILL LITTLE GIRL.  She's playful at the right times, cuddly when I want her to be, and she's so good at the vet--only slightly ""normal"" nervous.  
I'm not having issues with her peeing outside the box; I just want to make her less stressed.  

Sorry, on with the questions,  have you guys used Feliway?  Where do I plug it in?   My apartment is the first floor of a row home and she's allowed everywhere.
TL;DR: "
2377,"SUBREDDIT: r/relationships
TITLE: I [18 M] have been talking to [18 F] in my class. We do a quick conversation but don't talk much after. I'm also interested in asking her out but not sure how to go with that
POST: Hopefully this doesn't become too long

So the girl i sit next to we generally just say simple things and actions but it just stops soon.  

An example is she'll look up me walking to my seat, she smiles at me, I smile at her.  I say something like ""Whats up"" and she'll say something pretty bland like ""nothing much, you?"" Then I said ""Ah, I just took two tests, so pretty tired and dead beat"" then it just kinda stops there

I just assumed she doesn't like me so she doesn't want to talk much but half the time she starts the conversation with me. But sometimes (like today) we just didn't say anything to each other.  She also was homeschooled so maybe she doesn't know how to converse either?  I dunno

  Also, I don't know if this matters but this professor is really weird and had us have assigned seats.  So we had two weeks of preparation for us to have our permanent seats, both of us haven't moved out seats and are now just sitting next to eachother

Ever since I was a kid I've been really shy/awkward especially too women (i've never dated) so I guess I'm just not sure how to keep the conversation going.  She's also generally one of the people in our class to be in class discussions but I'm generally not, maybe I should also start bringing my self in?
TL;DR: "
2899,"SUBREDDIT: r/Advice
TITLE: I need advice with the corner I feel like my wife is backing me into
POST: My wife and I have been married for a little over a year and we've been together for about 6 years. In the past two years, I've gotten a much better job, worked my ass off, been promoted, and we've been able to enhance our lifestyle as a result. My wife has in the last two years worked a dead end job that she claims to hate. She was recently promoted (big promotion) so we got her the new car she wanted. Now she wants to go back to school.

Because she's unhappy with her career, she wants to go back to school to get a masters degree. Ultimately she wants to be a city planner or a city manager. However, in order for her to do this, we have to make some changes in our lifestyle. Things like: live in a much cheaper place, sell things we don't need to drum of some cash, start biking/public trans, etc. Tonight she asked me if I'd consider selling my car (she can't/won't learn to drive stick) and cut back on our expenses so she can do this. I don't really want to budge on this and here's why:

She isn't going to make more money. In my mind, if spending all this money on a better degree doesn't net you anything (aside from maybe greater job satisfaction), it's not worth it. We can't afford to have a family now, so things aren't going to get any better.

I don't want to sell my car. I've been working my ass off to get where I am and I don't want to compromise on something that I really love (driving) so that we can afford to have her go back to school.

She occasionally says things like ""I want to run a bed and breakfast"" which makes me feel like she doesn't know what she wants to do and this will just lead to more dissatisfaction.

I brought up the financials and she got pissed off because she felt I was being selfish because I was focusing on the money. It quickly escalated into a yelling/pissing contest and got us no where.

Basically, I'm lost. I don't know what to do or how to handle this situation. Please help.
TL;DR: "
3209,"SUBREDDIT: r/relationships
TITLE: I'm [24 M] interested in a painfully shy woman [20 F] and don't know what to do
POST: Hey everyone!

Last summer, I buddied up with her because she looked like she needed friends, but now that I'm interested, it's weird.  The group is also awkward, with lots of gossip.  I'm the only single guy who will directly go up to girls or try to talk to everyone.

She gives lots of negative signs when I talk to her.  Sometimes she starts out excited to talk and then shies away, but she usually gives a quick response and leaves.  **I tried texting a couple times, but she responded immediately with short, conversation-killing messages.**  This week, I invited her to a small group thing (us + another couple she's comfortable with + maybe more from the group) and she just said, ""I can't, sorry."" and left.  There's more, but it's all like this.

**However, she told me that she could be extroverted with close friends, but took forever to open up to people due to horrible social anxiety.**  She positions herself in ""talking range"" of me and watches me a lot, in an increasingly jumpy way.  If I say something in a group or take my phone out, she'll jump, look at me, and then quickly stare off into space.  Sometimes if I go up to people near her and her girlfriends, as soon as I arrive, she'll turn and step out towards me, and then snap back.

I have more examples, but they're similar.  How can I get to know her better?  Is she even interested?

Thanks!
TL;DR: "
3332,"SUBREDDIT: r/tifu
TITLE: TIFU because I had a boogie
POST: Happen last night. I just drop this wonderful beautiful girl at home, but I must confess what happen during dinner. We were having a great time. Laughing and playing around. She was just as immature as I am. We were telling stupid jokes and all and when the waiter came by to delivery our food she mention the he looks like a gyarados from pokemon and I lost it. 

Now for the record I just got over a cold and my nose was a bit stuffy and I took some cold medicine which in turn dried my nose up. I felt the boogers were loose but I didn't blow my nose like a normal human being. With that said that hard laughter became my down fall. I felt this booger leave my nose and hit her French onion soup. The terror I felt when I saw the splash. The horror when I notice she didn't see it. The relief that I was in the cool. The panic of telling her what just happened. The disgust I felt when I watched her eat the soup. The fuck I gave afterwards because I cannot tell her what happened. I pretended nothing happen and continue our date. 

At the end of the night she wanted a kiss. I told her I still felt the affects of my cold and said we will kick it another time. 

I will not be calling her again. Woe is me.
TL;DR: "
3489,"SUBREDDIT: r/relationships
TITLE: I [19 M] with my Girlfriend [19 F] of almost 2 years, are having issues regarding sex and anxiety
POST: Please help, GF and I are having some issues regarding sex and anxiety 

I have been with my girlfriend for almost 2 years, the sex was always great and even sometimes on the kinky side which was awesome! 
But in the last few months things have changed, we barely have sex any more and if I initiate she only wants to take care of me.
Some of the main issues are she is on the pill and feels that it is hurting her sex drive and ability to get wet, we are both university students so we are busy and we don't live together. The biggest problem she has expressed is that it started to hurt, this pain has led to her becoming very anxious about sex, even the thought of sex can put her on edge.
 Also we both feel we have become bored and want to spice things up. I want to satisfy her again. 
I really need some help, ideas, pointers, any thing?
We love each other very much and see this as only a bump in the road. But we both want to fix it. 
Thank you!!!
TL;DR: "
3523,"SUBREDDIT: r/relationships
TITLE: Me [21F] with boyfriend [22M] 9 months, am I wrong to be upset?
POST: Sorry if this sounds pathetic, I just wanted a bit of perspective before I overreact and cause an argument.

Basically, for the past 5 months I have lived around an hour away from my boyfriend (before that we were living in the same city). We see each other every weekend, with me traveling down to see him more often than the other way round. I'm fine with this, he lives in a nicer city and I get to visit friends.

He is in a band and has been since a year or so before we got together, it makes him really happy and that's cool. They often play gigs and I'll normally go along and watch. 

For my 21st birthday, my parents said they will pay for me and him to go on holiday (this was in October). I've been waiting for him to give me dates that we can go, hopefully around March time, so I can book it and get time off work. He has come up with tonnes of dates that he is doing band stuff and still no solid date that we can go anywhere. I also asked if we could put a bit of extra money towards what my parents offered so we could go somewhere nicer, and he said he can't afford it which is fine.

This brings me to my problem: he just dropped it on me that he is going to be paying Â£600 to record some songs with his band in March time. I'm pretty upset by this, as it seems that the band is clearly his priority and that he can't be bothered with this holiday. The only other issue I've really had is that he didn't get me a birthday present and I know that I can be difficult to choose things for and he didn't have much money at the time so I let it go.

Am I wrong to be upset? I don't want him to stop being in a band because it makes him really happy and I enjoy going to see them play, but it seems a bit worrying that he can drop this much money on something when he 'has no money' etc.

Sorry for the tonne of text!
TL;DR: "
3569,"SUBREDDIT: r/relationships
TITLE: I [18M] am into a girl [18F] who I just found out (from her) that has a history of cheating.
POST: So, for the past few months I have been talking to, and now, flirting with this one girl. We became really close friends and things were looking as if at any moment we could enter a relationship. However, a few days ago we had a very deep conversation about personal flaws and mistakes we have made in the past. That was the moment that I learned about how she has cheated on other guys before.

According to her, the first person she dated was abusive and overall horrible to her, so she cheated on him when she was an environment where he wasn't present, and subsequently their relationship ended. But, this was not an isolated incident. She also told me that when with her next SO, she cheated on him with two entirely separate guys, both whom were dating someone else at the time. 

My only response when I heard all this information was ""why?"" to which she replied ""because I'm a horny mess and can't control myself"".

There are so many red flags here it's actually unbelievable. It's like some kind of crazy red flag fiesta.

Despite all of that, she told me that she regrets her having cheated and realizes how awful and fucked up her actions were. Most importantly she said that she is determined to change and is actively working on improving herself and not making the same past mistakes and decisions.

On top of all that, this is a person with whom I'm more comfortable than with anyone else and I value as a friend above all else. 

I honestly don't know what to do.
TL;DR: "
3639,"SUBREDDIT: r/AskReddit
TITLE: My religious parents aren't letting me go to prom and I have a partner of a year and a half. What should I do?
POST: I'd expect my life story to be peculiar but perhaps not so much on reddit. So for the past two years I've been secretly agnostic, pretending to pray and everything when I can/to keep up appearances. My parents are (although somewhat liberal) quite religious muslims. I've also kept my SO a secret from them of course. 

I told them I want to go to prom ""with the guys"" but they said they were afraid of what I'd see and hear and that I don't need any sins, so they don't want me going. Yeah. I asked twice and I've had the same response.

I'm not that bothered about not going myself as I've never been a fan of large social atmospheres but my SO (as most typical teenage girls) is really excited to go. She's fully supportive of me, told me that she understands and that she'd go with the girls, but I can tell she's upset about it and is getting a tinge of jealousy when she sees her friends getting ""promposals."" Although she's never said or expressed anything negative to me, I'm a little upset at being the cause of her ruined prom experience, knowing how important it is to her. I feel really bad. What should I do?
TL;DR: "
3682,"SUBREDDIT: r/relationships
TITLE: I[F19] kissed and fell in love with [M29] who is taken.
POST: Apologies for my English and spelling, a non-native speaker on a phone here.

When we met we immediately hit off. We like the same things and have similar personalities to a point that is crazy. We are so alike and he understands me completely even if I say so little. He is the definition of the one for me, Physically and mentally. We have known each other for quite some time now and I met his SO around the first time I met him. After that I haven't seen her often. 

The tension around us is so present, flirting is just something that gradually developed. We spoke about our feeling ( that we are so similar and get along so well) and it is on both sides said that it is extraordinairy. We kissed a while ago (while being drunk, this is not an excuse, just for your interest) and it left me confused. We planned to talk about it but it hasn't happened yet. We did, though, kiss again (drunk again) and drunkenly talked about our feelings for each other. He said he loved me but because of the age difference he couldn't chose for me, eventhough he doubts his current relationship and says his gf doesn't make him feel good at all and I do make him feel good and loved. At this point I have fallen in love with him and struggle with my feelings and his betrayal towards his gf ( whom, in my opinion is a controlling bitch who doesn't let him live his life. She checks on him every second and is mad for no valid reasons. I am not the only one who thinks this and this opinion was formed before we kissed the first time). We do plan to talk but it's difficult since there is always someone else around. I am lost. What am I to do?
TL;DR: "
3740,"SUBREDDIT: r/dating_advice
TITLE: Am I wasting my time with her? Need advice
POST: Let me explaine my situation (Sorry if I make mistakes, english isn't my first language). So I'm a 20yo male, been dating this girl for 3-4 months and it's my first relationship. I've known her for 3 years and she has been treated like shit by her 2 other boyfriends in the past, I should also mention that she is on heavy anti anxiety meds and has depression (this will seems like an important detail)

Anyway hear is why i'm asking this - everything was just perfect until about 3 weeks ago, at first the contact was constant, we would text everyday and with time it became more rational and we'ed text a bit through the week before we saw each other. This all stopped after one date where she told me the L word for the first time - one week no contact, and when i texted she replied 1 week later. The thing is, we still saw each other on a date, and she was affectionate and all, but then BAM she goes cold on me by text again but a week and a half latter we see each other again and it's all normal in person again.

I have confronted her about this, asked if everything was ok but she gave me very vague answers like ""I'm the kind of person who needs to think about there problems before asking for others people's oppinions"" and ""You can talk about anything with me"" (In my head I was like : wtf, you never answer your phone and text when the planets are aligned) 

I should also add that I left the country for a month and a half 4 days ago (maybe that has somthing to do with her distance? but shouldn't it be the opposit?)
TL;DR: "
3759,"SUBREDDIT: r/relationships
TITLE: NOT quite sure if me (29 F) and my boyfriend (24 M) have a future together. Anyone in a relationship Older woman / Younger man/ who can share their stories and advices?
POST: We have been together for almost 3 years now, and everything has been as perfect as it can be. We are perfect for each other and share a deep love.

But recently I've been worrying about the future. I've already lived abroad, studied a masters and lived by myself, but he hasnt'd done that yet, and I don't want him to lose the opportunity to do so.

Whenever I tell him that, he says that he doesn't matter for those things, and that cannot wait for us living together. I also worry that by when he wants to have babies I will no longer be able to do so.

It helps me a lot to read success stories about older women with a younger boyfriend or husband, gives me hope for the future
TL;DR: "
3834,"SUBREDDIT: r/relationships
TITLE: [25F] [30M] Broken up 7 months after 3.5 year relationship: Still Shattered
POST: So, I met my ex literally the day I moved out of my mother's house. He lived in the same building as me, and we became close friends who went on sporadic dates. He was in the navy, so I was hesitant to initiate anything serious. 

FF 2.5 years of staying in touch and having a great time that ends in passionate kissing almost every time we hang out, despite having moved several states away. We get together. Relationship is great. Really great for about 2 years. 

We had moved in together. We started having really bad money issues when a lot of career things didn't really work out. Over the course of the next 1.5 years, we both had to drop out of school to start working jobs we didn't love. We also attempted an open relationship that was ridden with jealousy. Things got tense and bad and sad and sometimes volatile. We broke up. 

7 months ago he moved out of our shared apartment. I've thrown myself into hobbies, the gym, friends: all of the things. My friends tell me I'm doing great--I'm passionate and gorgeous and all of these great things. I've been going on dates.

BUT. I think about him all the time. I miss him all the time. Things happen in my life and I want to share them with him. I can't seem to truly believe in connecting to any of the people I've been on dates with. 7 months seems like a long time. Am I rushing myself? Do I just keep marching forward and hope more time will mend me? Is there a point at which you decide you really just want your relationship to work and try again?
TL;DR: "
3862,"SUBREDDIT: r/relationships
TITLE: Me [30's F] with the guy I have been seeing [30's M] for almost two months.
POST: I dont know what to say here, except that I was finally happy. I thought this was it, we weren't like totally on fire or in sync, but it was pretty damn close.

Saw him often, the chemistry was insane. And then all of a sudden last weekend he tells me he has an interview in a different city. I know he hated our current city, its too big, too loud, too crowded and people arent friendly. I have been here for a really long time and I love the energy, ruthless or otherwise.

I told him to give it some time, we just met, let me help him like this city as I do. He told me he is confused and needs time to think things out, he likes me but is not happy here.

And then I just got one message from him after his interview. Its been 5 days but who is counting. We never talked about being exclusive. So I bit the bullet and went on a date last nite. All it did was reaffirm how much I missed and liked this guy over a short period.

I messaged him and called him. No reply yet, I dont know if its a lost cause. I miss him and I cant bring myself to start dating anew. Why isnt meeting someone you instantly click with the end of it all?
TL;DR: "
3875,"SUBREDDIT: r/relationships
TITLE: I [22 f] recently broke up with my bf [21 m] and I think I'm going crazy
POST: I'm so sorry I know this isn't really the place to post this, and if someone could let me know a better sub, I'll move it there. I just feel like I can't get over my bf and just hit a breaking point tonight. Basically we broke up because of distance and we both left on the terms that we still love each other and should ultimately get back together. That was about three weeks ago. We also had a deal not to talk to each other for 3 weeks, so I recently messaged him when the time was done. The thing is, when he messaged back, I realized that there was no way I could message him back as if I was normal. I don't know why, but for me this was kind of a breaking point. I guess it finally sunk in that we really broke up. Now I don't know how I should play it, should I message him back as if I'm trying have a conversation with him, or give a really short answer to cut him off? Or I guess just tell him the truth? I'm really leaning towards the last, but I don't want to come off pathetic.

Additions info: what really just pushed me over the edge was that I just had an orientation with all the people in the program I joined where I live abroad, and all the guys were such major creeps and were so gross to me. It was so demoralizing and made me realize how much I gave up in my bf. All I want is to be with him, but I know that's impossible while I'm here. I'm just so tired of all of this. I just want something stable right now, or something comforting or I don't even know.
TL;DR: "
3930,"SUBREDDIT: r/relationship_advice
TITLE: (32m) My exgf(22f) I am thinking of breaking the N.C because I have found her, her horse.
POST: I will try to make this brief and please be gentle.
My exgf cheated on me over the holidays and I kicked her out and told her not to contact me. We haven't had contact since this happened. When we started dating she told me she was forced to give up her horse and would like to know if she is still alive. Every time anything that has to do with a horse she gets emotional.  Being the nice bf I am, I started to look for her horse. fast forward to yesterday: I received an email asking if this was the horse I was looking for. After an hour long Q&A it turns out it was her horse. Do I give this information to her or not?
TL;DR: "
3957,"SUBREDDIT: r/relationships
TITLE: Me [17 M] with my (ex?)girlfriend [17 F] 2.5-5 months, cheating or sexual harassment?
POST: I'll be short about this.

A few days ago my girlfriend called me and said she did something and that I'll want to break up with her but she couldn't tell me over the phone and had to text it to me (she sounded like she was about to cry)  We are in a long distance relationship since about 2-3 weeks ago.

She then texts me that she ""slipped"" and had done something sexual with another man.  I'll be honest our relationship was already not very healthy so it didn't really come to me as a surprise.

Naturally, I break up with her.  She doesn't want to accept that we are broken up.  She calls me and keeps asking for a second chance saying that she regrets it and it was a mistake.  I am adamant about staying broken up though she is crying and refusing it.

A few hours later she texts me that it was out of her control.  I ask how that's possible if she gave consent and she says she didn't.  So the situation is now very complicated.  

After hearing this I sort of ""un-broke up"" with her and instead switched to a ""break"".  This is kinda arbitrary but whatever.  Anyway I just don't know what to do now.  I don't know what to believe.  Even if she is now telling the complete truth I don't think I would want to go back to a relationship though I would feel a sort of responsibility to.

I don't know if I gave enough here for you to form an opinion but you may as well try.  You can go and look at my last post if you want more information.  You'll probably call me an idiot for not breaking up earlier honestly but that's ok.
TL;DR: "
4161,"SUBREDDIT: r/relationships
TITLE: Me [18M] with my clingy Ex [18F] that lasted 1 month, just broke up a week ago. Don't know if break up was justified.
POST: We are both 18 and in college, and live in the same dorm complex (not the same rooms though). I broke up with her because I felt like we went WAY too fast and she had way too much emotional attachment (there was a point at which I didn't feel attracted to her even). I didn't feel like she would change her clingy-ness much at the time.

However, after a week of breakup, I've been reconsidering if she can change. Maybe it's just me missing her attention, or that I don't like being alone, but I'm now unsure if I overreacted about her emotional attachment and clingy-ness.

What do you think /r/relationships? Should I reconsider the breakup or stick with my decision?
TL;DR: "
4180,"SUBREDDIT: r/running
TITLE: How long will it take me to go from running ~15mpw now to a 3:45 marathon sometime in the near future?
POST: I run casually right now but I really want to run a marathon at 3:45 someday. I ran chicago two years ago at 5:15 and I know this seems like a huge difference but that previous marathon was done on very little training (I wasn't as dedicated to training as I should've been). Now I want to make this happen and am feeling much more motivated to stick to a solid plan. 

I don't want to get hurt so I don't plan on trying to make this happen this year but how long do you guys think I need to base build before I can train for a race time like this? And what type of training plan worked for people that finished at this time?
TL;DR: "
4336,"SUBREDDIT: r/relationships
TITLE: My wife [34F] of 15 years passed away earlier this year, does this get any easier?
POST: My wife died in an accident earlier this year. We'd been together for 15 years, since I was 21 and she was 19. I've had so many people tell me that it gets easier, it'll get better, I will be okay but I wake up everyday and nothing, it doesn't hurt any less. The pain hasn't dulled in the slightest. It feels like everyday is worse than the last when I've heard it's supposed to be better with each passing day. 

All I can think of was I never planned for this. We talked about adopting a child or two. We bought our first house together back in January, we talked about spending our Christmas in the Caribbean as we both really can't handle the cold. All I have these days is my job and every single person there treats me like a fragile toy or something. It gives me something to do though, it kills half my day so I don't spend that time bombarded with memories. 

The rest of the time though, every single thing reminds me of her. My friends are completely supportive and so are my family members but it's just not helpful you know? It doesn't change the fact that the love of my life is gone. It doesn't change the fact that I don't know if I will ever love anyone the way I loved her, if at all. I know how melodramatic this sounds but it's how I feel. 

I don't know how to be better despite so many people saying it'll be easier. 

Does it get any easier? Because it's only gotten worse for me.

In March, heaven might have gained an angel but I lost mine.
TL;DR: "
4416,"SUBREDDIT: r/relationships
TITLE: I [27F] worry that we don't have the fire we're supposed to [28M] even after a year
POST: We love each other very much - he's my best friend and the one person I look forward to growing old with, even though we've been dating just less than a year. We are cuddly and talk about everything. Just being near him relaxes me and warms me. We have so much fun together and he makes me feel brave.

But we sit opposite each other when we eat out or have drinks, not side by side and gazing lovingly at each other. 

We have sex once or twice a week, and it's usually once we're already naked in bed. 

We've never once argued, maybe he treats me with kid gloves.
TL;DR: "
4472,"SUBREDDIT: r/tifu
TITLE: TIFU and purchased the wrong channel
POST: Not a throwaway account cause I'm not super embarassed.

Â 

Obligatory ""this didn't happen today"" but yesterday my buddy was hyping up this big ""Fight of the Century"" thing that was supposed to be going down. Like any good friend, I figured I'd front the bill on the channel and he could just pay me back for it later.
 
Â 

We must have got the wrong channel though! Don't get me wrong, even though my friend got super depressed I thought it was pretty cool watching some guy run a Nascar-styled marathon, going lap for lap in what had to be the smallest track I've ever seen. They even had to put up ropes to keep the guy in the ring as he raced around! Must have not been enough excitement for regulars though, because believe it or not there was also another guy who just kind of kept punching the runner. To his credit the runner just kept blocking and running - I mean occasionally he threw a punch because who wouldn't ya know? - until he had completed so many laps I'd lost count. I did find it silly that they had to have judges at the end to declare him the winner though, I mean, he **was** the only one running the marathon...

Â 

Anyway! Seems my bud didn't find this as cool as I did, since he just sat there with a look of disappointment and kept shaking his head. I'm thinking next time I will have to be way more careful buying stuff on the TV... I doubt my bud is going to pay me back after such a screwup.
TL;DR: "
4493,"SUBREDDIT: r/relationships
TITLE: My [24/M] girlfriend [21\F] has decided she wants to become celibate 9 months into our sexual relationship, without any religious motivation to do so.
POST: My girlfriend has decided shes wants to give up sex for 12 months because it's something she said she has always wanted to do. She is not religious nor is taking up any religion. When i ask why, the response is with unsure answers and ends by saying it'll 'make her a better person' and she'll find out why when she does it. Naturally I cant make sense of her choice from the response she gives me.

I understand there is much more to a relationship than just sex, and breaking up with her is the last thing i would want to do. It's something I don't think I will do regardless of her decisions. However, I value sex as really important to me and our relationship. Therefore the thought of no sex for a whole year upsets me. The thought of a loved one taking away something I can only enjoy with her definitely hurts me more. I'd like to call it a selfish act but it's not something being done out of spite, but just for a reason I don't quite understand. 

Any input or reasoning behind this choice would be greatly appreciated
TL;DR: "
4547,"SUBREDDIT: r/tifu
TITLE: TIFU by causing a car accident, then not taking responsibility for it
POST: (throwaway account) Like most of these, this did not happen today. I was either in my late teens or early 20's, driving to work early in the morning. I was working crazy hours and not getting enough sleep at the time, and as you know- 

-fuck this. I'm still trying to make excuses for it, even now! Sorry, I was definitely awake and alert enough to see that my light was fucking red. Anyway, I ran a red light going ~45-50mph, thinking that the cars turning out in front of me (coming from the opposite direction) were making yielded left turns on green. But no, they had an arrow and my light was fucking red, so you probably already know what happens next. I didn't exactly t-bone him, it was more of a head-on (I'm guessing he tried to swerve back, but by then it was too late). Both cars totaled, police and ambulance show up, they start talking to him first and from me listening from a distance, I gather that he has no license, doesn't speak any English, and has no ID or anything whatsoever. So they come talk to me after getting essentially no where with him. I saw my chance to push the blame to him, and I took it like the fucking piece of shit that I am. I told the cops that my light was green and they had no reason not to believe me.

Fast forward ~30 days or so, I get a subpoena stuck to my front door. It turns out he isn't an illegal citizen, his wallet just wasn't on him at the time of the accident. He probably met with the public defender to try and fight the charge. So I show up to court, get up in front of all those people and reiterate the lie that I told the cops. I will never forget the way he looked at me when I finished. He received a jail sentence, got fined heavily and got his license taken away. When you think about it, the only reason the truth wasn't and never will be recovered is because he couldn't speak English. I still feel like shit to this day and I will never tell anyone what I did. Why couldn't I just not have been colorblind for those 2 seconds? I fucked up.
TL;DR: "
4557,"SUBREDDIT: r/relationships
TITLE: Me [19 M] can't commit to a relationship with my [19 F]
POST: I'm 18 and have never been in a serious relationship. I have, I suppose,  a girlfriend. She's fun to talk to, we share a lot of the same interests, but she wants to turn it up a notch.

Here's the thing, I've never really been bothered with relationships. I'm quite happy keeping my own company and I really value the freedom of being independent. But I do really like this girl, and I'd like to see more of her, but I simply can't cross that threshold. I'm really worried that I'm just going to end up upsetting her because she expects more from me. 

This has happened so many times now, talking to a girl, she wants to take it further, I don't want to commit. Is this going to be me now? I like companionship, someone to share experiences with, someone to talk to and someone to cuddle with. But the relationships I see seem to be about being on call 24/7, spending all day returning texts and basically throwing a whole lot of your personal time away for smalltalk.

What am I to do here? Either I tell her I'm not interested and I maybe loose her as a friend if it upsets her or I go for it. The thing is, if I do, it could either go really nicely, or it just raises the stakes and makes things worse if I realise it isn't for me and want to get out.

I've also gotta say, for some reason, I feel that relationships are something I need to somehow keep secret or lie about to others. I get some weird mental block there. I'm generally quite reserved, and I don't know if that's got anything to do with it, but it's like the person that I love is a personal thing, and personal things should stay private. That's a shitty way to put it, but it just seems weird to me, even though everybody does it!

A psychiatrist could probably have a field day with me!
TL;DR: "
4801,"SUBREDDIT: r/AskReddit
TITLE: I live in a shitty small town, what does reddit think about my story?
POST: I live in a small town. I will not provide the name of this town because I do have friends who are avid redditors. 

I have lived in this town for about 8 year now and as time goes on, it just gets worse and worse. My friends are starting to get involved in drugs and the ""cool"" kids who are heavily involved in drugs and alcohol are complete douchebags that take advantage of girls, they ruin their lives. 

I just recently went through a bad break up. My ex lied to me about pretty much everything. It has been a month and she has had 2 boyfriends since. I believe that I am a pretty good guy. I stick up for people, I don't do drugs and I don't drink. I've never taken advantage of anyone, and I think I'm pretty fun to hang around. Yet I get trampled on. This whole system of who gets the credit is fucked up. I get bullied and made fun of because I do things that are right. I stand up for people who do right, and I criticize people when they do wrong.

I am going into my senior year in high school and the past couple of months have been very hard for me. I am a part of National Honor Society but I nearly failed 2 classes. I've never even come close to failing before but this town is taking it's toll. 

So, to wrap this up. Does anyone else have a similar story? Or would anyone like to give their input? Anything is greatly appreciated as I just want to get out of this town as soon as possible.
TL;DR: "
4950,"SUBREDDIT: r/relationship_advice
TITLE: Should I have hope? (Boyfriend wants to be alone.)
POST: So I'm not really sure how to start this but here goes -

I've been dating this guy for a year and a half now. He is 21 and I'm 22 (f). I love him so much and he tells me all the time that he loves me and most of the time we are pretty amazing together...

... But he wants to be alone at some stage in his life. I can understand that he doesn't want to commit to me and I don't want to either... I mean... I hope our relationship works out but it may not. It's just that it hurts so much when he tells me that he will be unhappy with his life if he doesn't spend time alone (I think he is thinking of travelling for a couple of years and living).

He says that I'm perfect but I came at the wrong time in his life. It just he seems so definite and I don't know how to react... Is this something that a lot of guys (maybe even girls too) feel and don't act on or is this something that will only end in disaster. Is there any hope at all?

P.S. The reason this topic came up is because I am starting my phd at the start of next year and I don't know whether to go overseas or to stay with my current research group.
TL;DR: "
5046,"SUBREDDIT: r/personalfinance
TITLE: 25yrs old, just accepted a position offering 38k/yr
POST: Hi Reddit,

Longtime lurker, first post.

Anyway, for the past 2 years I have been working for a wireless carrier earning $15/hr in NJ, with a very small comission structure based off sales & performance earning me around 28k-32k/yr. Long story short, I was finally offered a raise due to performance based reviews after my 2 years there (they had held off on reviews for budgetary reasons), my District Manager made it seem like he pushed for amazing amount and in the end I only received a $0.60 increase. After deciding to leave I accepted the first job offer I received at an IT company, whom which offered me 38k/yr. I only have a HS diploma, no certifications but solid work experience, should I be expecting to be earning more at this point in my life? 

I have around $12,000 in debt ($8,500 of it is my financed vehicle), splitting the costs of my 550sqft, 1br apt $1,254/month with my partner. With my old position I feel like I barely had enough to get by, with the occasional guilty pleasure purchase here and there. What can I do now to ensure I'm not spending this new income?
TL;DR: "
5096,"SUBREDDIT: r/dating_advice
TITLE: [24M] Hanging out with girl [25F] â and her ex?
POST: [As you'll notice, I'm very inexperienced in all this]

I've had an intermittent crush on this girl for quite a few years, and only recently noticed a great opportunity to start talking to her, and things have been going quite well. I even manage to stay incredibly calm and composed when with her, and that's never happened when hanging out with other girls. 

The second time we arranged to meet (wouldn't call it a date though) was at a gym, where she met (or went) with her ex. They seemed to be good old friends, but not more than that. She never introduced him to me as her ex, I just know because he has the same surname as her ex-brother-in-law she once mentioned. (Brother-in-law meaning the brother of her boyfriend) 

When the opportunity arose, I invited her to have dinner in a place nearby â if she wasn't already going out with the ex, that is. She said she was, and invited me to accompany them to dinner. She went in his car and I in mine. It was nice and almost only the two of us talked, besides, her body language and specially eye contact were much more meaningful towards me than him.

Now I don't quite know what to make of it. I know it raises a few red flags, but I intend to take my chances regardless. Is such a close relationship with exes normal? How should I interpret her willingness to have a ""triple date"" and having me meet him (or the other way around)?

And would it be alright to ask her something along the lines of ""so he's [ex-brother-in-law's name]'s brother?"" just to make sure what I'm dealing with? How should I phrase things next time to ensure we go out just the two of us without sounding rude?
TL;DR: "
5271,"SUBREDDIT: r/relationships
TITLE: My girlfriend [21] and I [20 M] have been dating for 5 years and are trying to figure out if we can make it work with different religious beliefs.
POST: Both me and my girlfriend were raised Christian. We began our relationship five years ago, when were both fifteen. In the past couple of years, I have been moving away from my belief in Christianity and started exploring other lines of thinking.

My girlfriend's family is very serious about their belief in Christianity and, because of her upbringing, so is she. My parents are also very serious about their faith, however, my family is much more open to questioning, doubting, and exploring. 

I know that her and her family are very happy with their faith and that is not something I wish to change in them.

She has recently began to express that she doesn't know if it is possible for us to have a relationship with two different beliefs. Until now, our difference in belief has not been an issue that I can see: my moral guidelines have not changed and continue to (mostly) align with hers. I continue in things that have been dear to me throughout our relationship, such as holding a philosophy of compassion, smoking cannabis, and remaining a virgin until marriage (something I see as valuable for her sake although I do not believe it is necessary). 

I very much love my girlfriend and am, therefore, having great anxiety trying to figure out if we can continue to be compatible from my perspective, regardless of what she decides. I do not want to hinder her spiritual life, as I see the quest for truth as the most valuable thing life has to offer. I also do not want to be impeded by the difficulties of differing beliefs. 

So then, r/relationships, from your experience is it possible to live with two different beliefs in a relationship if both are willing? Can it be beneficial? Can it be detrimental? Is it worth it if you want to be with the person more than anything? Or is it too damn difficult?

Thanks for the input and, if there are other questions you have for me whose answers might be helpful, please ask.
TL;DR: "
5641,"SUBREDDIT: r/weddingplanning
TITLE: Anyone have suggestions for HIGH heels that won't kill my feet?
POST: My fiance is a full foot taller than me (I'm 5'4"" and he's 6'4"") and I hate the idea of being that short compared to him on our wedding day. I wear heels quite often and want to on the day we get married but, like any reasonable human, don't want to be completely uncomfortable. I can usually wear 4-6 inch heels for a few hours and 2-4 inch heels all day, but I'm hoping to find some 4-6 inch heels for the big day so we can be closer in height (plus it gives an incredible slimming effect when in high heels and a long dress). 

I'm willing to compromise and find super tall heels for the ceremony and switch to slightly lower more comfortable ones for the reception, but obviously they can't be too big of a difference in height because the dress will be too long. I've been looking at [these] on amazon (in gold) but don't have any other ideas.
TL;DR: "
5693,"SUBREDDIT: r/relationships
TITLE: Me [22 M] with my new flirt [22F] of a month, She wants a lot of sex, I do too, but not this much
POST: Okay so... I haven't been in a real relationship before (nothing more than 8-9 months) and the sex has always faded down to once or twice a week. I met this AWESOME and AMAZING girl by coincidence, and I am really starting to fall for her. We took things slow, and didn't start sexual intercourse untill 3 weeks or so passed.

Now, She wants it all the time. Which is awesome. Except she wants it too much, and I am not comfortable declining. Today we had sex 7 times, in which I 'finished' in the first 5, which meant I could barely breathe the 6th and 7th time. I asked her how much she usually has, and told her I was used to once or twice a week, but could do more. She literally gasped at this, and told me she wanted atleast once everytime we saw eachother - atleast when its appropriate. 

I don't mind this, but I've never really turned down sex before, and I need to know how to do it without hurting her feelings or make her feel inadequate. I know it's probably every guys dream, and I must admit I am quite thrilled she wants more than me - I just don't know if I can keep up.
TL;DR: "
6004,"SUBREDDIT: r/relationships
TITLE: Suspect wife (40F) of cheating tonight...help me (42M) stay sane.
POST: UPDATED: 

My wife has been traveling more for work the last 2 years, and frankly, our relationship has been up and down.  She's working on the east coast this week, and we live on the west coast.

We share an Apple family account, and as a result, she shares her location.  She is supposed to come home tomorrow, but had to do dinner with her work colleague this evening.  I was texting her at midnight ET/9 PT about kids/pets issues, and I checked her location.  She frequently complains about being tired, so I am little surprised to see she is not in her hotel.  I figure the dinner ran late.  About an hour later (1:30 am ET/10:30 PT), I again check her location and she's in a residential neighborhood.  I check on Google maps, and there's not a hotel around...just houses.

I called her several times (figuring maybe the Do Not Disturb function was enabled) trying to reach her, and she does not pick up.

So, here I am, seeing her location at some house in the city that she often travels to.  She was texting me not long ago.  I am not sure what to do now...

Do I wake up early and see where the phone is?  Just ask when she gets home why her phone was in a strange place?  

I don't want to jump to conclusions, but I am obviously uneasy about all this.

What's my plan of action?
TL;DR: "
6334,"SUBREDDIT: r/tifu
TITLE: TIFU by reading an ex's message
POST: So this just happened yesterday, and this is definitely a bit more of a tamer fuck up than most but still.

Backtrack to yesterday, just about to wake up and of course I'm horny as fuck for absolutely no reason. So just as I was about to go for the good ol' 30 second rub and tug, I get a message on Facebook from an ex. ""Fucking great it's like 7 am"". Pop open my phone and saw a pretty long preview message. So what do I do instead of finishing myself off? I stop and read it like a fucking idiot.

Pretty much her mother passed away and she needed someone to talk to. Before responding to her message, I took a second reminiscing of how great she was. And you probably already know how this one ends, I start stalking her pictures and end up beating the meat.

Felt like shit after the end of the 10 second golden age and I still have yet to talk to her.
TL;DR: "
